'106459197',
 '108471329',
 '105877031',
 '105722593',
 '105720495',
 '105721542',
 '105790024',
 '106152347',
 '105833381',
 '105833392',
 '113804935',
 '105869393',
 '105881369',
 '105868061',
 '105868078',
 '105748047',
 '105801420',
 '105744231',
 '105744681',
 '105757885',
 '105744466',
 '107498826',
 '105746140',
 '105933562',
 '105802912',
 '105803123',
 '105798994',
 '105798167',
 '105798818',
 '107059022',
 '105835705',
 '105833381',
 '108298242',
 '105835696',
 '105848762',
 '105823538',
 '105826735',
 '105848711',
 '105748268',
 '105801420',
 '105744231',
 '105744678',
 '105890633',
 '106099658',
 '114088875',
 '106099665',
 '106167844',
 '105833381',
 '105833384',
 '105982667',
 '106450596',
 '108471385',
 '106450546',
 '106450578',
 '105872293',
 '105798291',
 '105733959',
 '105798329',
 '105872668',
 '107340274',
 '107340303',
 '105839153',
 '105802912',
 '105803123',
 '105836362',
 '105833381',
 '105833388',
 '105833395',
 '106008982',
 '105833381',
 '108298242',
 '106008975',
 '105789686',
 '105791817',
 '110503166',
 '105789681',
 '105750106',
 '105801420',
 '105807689',
 '105807704',
 '105748490',
 '105801420',
 '105807521',
 '105744723',
 '105714812',
 '105714267',
 '105714408',
 '107669530',
 '105739298',
 '107669516',
 '107669527',
 '105889511',
 '105881369',
 '105868061',
 '105868068',
 '105804852',
 '105802912',
 '105803650',
 '105749770',
 '105744466',
 '105744460',
 '105745980',
 '106701638',
 '105800295',
 '105744243',
 '105745870',
 '105884815',
 '107340274',
 '107340355',
 '105833505',
 '105833381',
 '105833388',
 '105833498',
 '105803532',
 '105791817',
 '110847783',
 '105803527',
 '105732380',
 '113755154',
 '105731962',
 '105732159',
 '105717718',
 '105716799',
 '105717003',
 '105825209',
 '105823538',
 '105826735',
 '105826738',
 '105732281',
 '113755154',
 '105731974',
 '105732005',
 '105732422',
 '113755154',
 '105731948',
 '105732162',
 '105957801',
 '105798288',
 '106366417',
 '105909006',
 '105862930',
 '105833381',
 '105892227',
 '105833490',
 '105717307',
 '105716711',
 '105716784',
 '105716850',
 '105847227',
 '105833381',
 '105833384',
 '105840682',
 '105788563',
 '105788020',
 '105788036',
 '105788560',
 '105793664',
 '108471397',
 '111406514',
 '105792154',
 '105794117',
 '105788020',
 '105788031',
 '105794114',
 '105801433',
 '105798167',
 '105798818',
 '107059022',
 '105912416',
 '105833381',
 '105833388',
 '105833395',
 '106154042',
 '105833381',
 '105833392',
 '113804909',
 '105924807',
 '105833381',
 '105833392',
 '113804909',
 '105834219',
 '107098288',
 '105851693',
 '105834186',
 '105748816',
 '105797719',
 '105797900',
 '105797908',
 '106245725',
 '108471397',
 '110928184',
 '105996601',
 '105748657',
 '105801420',
 '105807689',
 '105807695',
 '105802833',
 '105791817',
 '110503166',
 '105802680',
 '105868000',
 '105841134',
 '105867655',
 '105748496',
 '105744466',
 '105857350',
 '105744826',
 '105816995',
 '105798288',
 '109223681',
 '105816990',
 '105862873',
 '105833381',
 '105833388',
 '105833408',
 '105862915',
 '105833381',
 '105833388',
 '105833402',
 '105834294',
 '107098288',
 '105851693',
 '105834183',
 '105722065',
 '105720495',
 '105720693',
 '106621111',
 '105717367',
 '105716711',
 '105716763',
 '105716946',
 '105718186',
 '105716799',
 '105717170',
 '106725747',
 '105872592',
 '105881369',
 '105871722',
 '105871726',
 '105717364',
 '105716711',
 '105716763',
 '105716946',
 '105732392',
 '113755154',
 '105731948',
 '105732066',
 '105717310',
 '105716711',
 '105716787',
 '105716859',
 '105748612',
 '105801420',
 '105807521',
 '105744723',
 '105717373',
 '105716711',
 '105716784',
 '105716949',
 '105806955',
 '105881369',
 '105805895',
 '105806951',
 '105920684',
 '113755154',
 '105731974',
 '105732057',
 '105714944',
 '105714267',
 '105714441',
 '105862944',
 '105833381',
 '111838110',
 '105862941',
 '105862912',
 '105833381',
 '105833388',
 '105833402',
 '105756778',
 '105802040',
 '105745064',
 '105745058',
 '105717322',
 '105716711',
 '105716784',
 '105716925',
 '105805108',
 '105788020',
 '105798960',
 '106181515',
 '105860676',
 '105791817',
 '110498412',
 '105852180',
 '105748939',
 '105744466',
 '105857350',
 '105744826',
 '105806397',
 '105881369',
 '105805895',
 '105806394',
 '105717319',
 '105716711',
 '105716784',
 '105716850',
 '105717598',
 '105716711',
 '105716763',
 '105716940',
 '106286394',
 '105841134',
 '106585368',
 '106124305',
 '105748786',
 '105801420',
 '105807689',
 '105807698',
 '105717484',
 '105716711',
 '105716763',
 '105716943',
 '105910536',
 '105867829',
 '105867832',
 '105752347',
 '105797719',
 '105797900',
 '105797908',
 '105732443',
 '113755154',
 '105731965',
 '105732036',
 '105845493',
 '105833381',
 '105833388',
 '105833399',
 '105748711',
 '105801420',
 '105744222',
 '105744656',
 '105936538',
 '105833381',
 '110464982',
 '105863743',
 '105863822',
 '105833381',
 '110464982',
 '105863819',
 '105880156',
 '105716799',
 '105880153',
 '105717748',
 '105716711',
 '105716781',
 '105717024',
 '105718786',
 '105716711',
 '105716763',
 '105717033',
 '105834277',
 '107098288',
 '105851693',
 '105834183',
 '105717892',
 '105716799',
 '105948443',
 '110382881',
 '106087605',
 '105910759',
 '105910764',
 '106088069',
 '105732386',
 '113755154',
 '105731974',
 '105732005',
 '106132213',
 '105841134',
 '105869128',
 '105718642',
 '105716711',
 '105716763',
 '105717221',
 '105732410',
 '113755154',
 '105731974',
 '105732183'
